0,40,Regular Wash
0,70,Detailing Wash
0,90,Touchless Wash
0,40,Regular Wash
0,70,Detailing Wash
0,90,Touchless Wash
0,40,Regular Wash
0,70,Detailing Wash
0,90,Touchless Wash
0,40,Regular Wash
0,70,Detailing Wash
0,90,Touchless Wash
0,40,Regular Wash
0,70,Detailing Wash
0,90,Touchless Wash
0,40,Regular Wash
0,70,Detailing Wash
0,90,Touchless Wash
0,40,Regular Wash
0,70,Detailing Wash
0,90,Touchless Wash
0,40,Regular Wash
0,70,Detailing Wash
0,90,Touchless Wash
0,40,Regular Wash
0,70,Detailing Wash
0,90,Touchless Wash
0,40,Regular Wash
0,70,Detailing Wash
0,90,Touchless Wash
0,40,Regular Wash
0,70,Detailing Wash
0,90,Touchless Wash
0,40,Regular Wash
0,70,Detailing Wash
0,90,Touchless Wash
0,40,Regular Wash
0,70,Detailing Wash
0,90,Touchless Wash
0,40,Regular Wash
0,70,Detailing Wash
0,90,Touchless Wash
0,40,Regular Wash
0,70,Detailing Wash
0,90,Touchless Wash
0,40,Regular Wash
0,70,Detailing Wash
0,90,Touchless Wash
0,40,Regular Wash
0,70,Detailing Wash
0,90,Touchless Wash
0,40,Regular Wash
0,70,Detailing Wash
0,90,Touchless Wash
0,70,Detailing Wash
0,20,Self-wash
0,70,Detailing Wash
0,20,Self-wash
0,20,Self-wash
1,100,Steam Wash
1,100,Steam Wash
3,100,Steam Wash
3,100,Steam Wash
3,100,Steam Wash
2,100,Steam Wash
2,40,Regular Wash
2,100,Steam Wash
2,70,Detailing Wash
2,90,Touchless Wash
2,20,Self-wash
2,90,Touchless Wash
2,90,Touchless Wash
